epoch,time,loss,auc,aupr,accuracy,precision,recall,f1,mcc
1,5359.5056473,1.5028374195098877,0.5784853284651937,0.5882899352483144,0.5025906735751295,0.5012987012987012,1.0,0.6678200692041523,0.050964719143762556
2,5360.5915663,1.3546414375305176,0.6333861311713067,0.6445013698054864,0.5077720207253886,0.5039164490861618,1.0,0.6701388888888888,0.08850366191476916
3,5361.653337,1.304785966873169,0.6679910870090472,0.6778448902758584,0.5362694300518135,0.5188172043010753,1.0,0.6831858407079646,0.19399589841579262
4,5362.727271,1.2826499938964844,0.6853069881070633,0.697959858901672,0.5284974093264249,0.5146666666666667,1.0,0.6795774647887324,0.17126976771553507
5,5363.7630041,1.2558554410934448,0.688958092834707,0.7042283362576043,0.5207253886010362,0.5105820105820106,1.0,0.6760070052539404,0.14547859349066158
6,5364.7935927,1.24949312210083,0.6872130795457597,0.7073931650343833,0.5155440414507773,0.5078947368421053,1.0,0.6736474694589878,0.12565617248750865
7,5365.8126791,1.2344096899032593,0.6971730784719052,0.7207173372925342,0.5077720207253886,0.5039164490861618,1.0,0.6701388888888888,0.08850366191476916
8,5366.8386151,1.2267481088638306,0.7192944777040995,0.7421731032081043,0.5077720207253886,0.5039164490861618,1.0,0.6701388888888888,0.08850366191476916
9,5367.8636763,1.215362310409546,0.753738355392091,0.7717267278123086,0.5077720207253886,0.5039164490861618,1.0,0.6701388888888888,0.08850366191476916
10,5368.8996935000005,1.1988142728805542,0.7857123681172649,0.7953473245577412,0.5103626943005182,0.5052356020942408,1.0,0.671304347826087,0.10232890201933018
11,5369.9266353,1.1892226934432983,0.8076189964831271,0.8099999550944794,0.5103626943005182,0.5052356020942408,1.0,0.671304347826087,0.10232890201933018
12,5370.9491664,1.1739716529846191,0.8210958683454589,0.8219958257867878,0.5077720207253886,0.5039164490861618,1.0,0.6701388888888888,0.08850366191476916
13,5372.1082444,1.1728651523590088,0.8296867029987383,0.8310064237827406,0.5103626943005182,0.5052356020942408,1.0,0.671304347826087,0.10232890201933018
14,5373.2475233000005,1.1549460887908936,0.8343042766248757,0.8381984966735074,0.5906735751295337,0.5507246376811594,0.9844559585492227,0.7063197026022305,0.2942839444200837
15,5374.5723893,1.1534243822097778,0.8381701522188514,0.843006920041096,0.6088082901554405,0.5625,0.9792746113989638,0.7145557655954633,0.324037034920393
16,5375.7293857,1.1359617710113525,0.8426534940535317,0.8485638227986863,0.5284974093264249,0.5146666666666667,1.0,0.6795774647887324,0.17126976771553507
17,5376.790066,1.1270071268081665,0.8466267550806733,0.8530225586229675,0.5958549222797928,0.5539358600583091,0.9844559585492227,0.7089552238805971,0.3046635065008099
18,5377.8447209,1.1108248233795166,0.8523987221133453,0.8595494247689031,0.655440414507772,0.5943396226415094,0.9792746113989638,0.7397260273972602,0.40802167468705436
19,5378.9605602,1.1095376014709473,0.8613117130661225,0.8690552878287542,0.6580310880829016,0.5962145110410094,0.9792746113989638,0.7411764705882353,0.4124541317845327
20,5380.0528806,1.1031179428100586,0.8711374802008107,0.8793026540061037,0.6761658031088082,0.6096774193548387,0.9792746113989638,0.7514910536779323,0.44301789544848647
21,5381.1354305,1.0935152769088745,0.8790303095385111,0.8878585429111603,0.6709844559585493,0.6064516129032258,0.9740932642487047,0.7475149105367794,0.4299879573470604
22,5382.1980551,1.0788968801498413,0.8847754302128915,0.8940564069562671,0.6813471502590673,0.6143790849673203,0.9740932642487047,0.7535070140280562,0.4473962434942994
23,5383.3165296,1.0799241065979004,0.8895272356304869,0.8993696174186214,0.6839378238341969,0.6163934426229508,0.9740932642487047,0.7550200803212851,0.45171646373649604
24,5384.3971434000005,1.0679638385772705,0.8926682595505919,0.9030949330384316,0.694300518134715,0.6254180602006689,0.9689119170984456,0.7601626016260162,0.4650140157336545
25,5385.4638862,1.0599309206008911,0.8957824371124058,0.9061552705748444,0.655440414507772,0.59375,0.9844559585492227,0.7407407407407407,0.4128614119223852
26,5386.5395331,1.0487797260284424,0.898064377567183,0.9091263208328682,0.694300518134715,0.6245847176079734,0.9740932642487047,0.7611336032388664,0.4688873894807481
27,5387.6187266,1.0455975532531738,0.9017154822948267,0.9128031942824578,0.7176165803108808,0.6448275862068965,0.9689119170984456,0.7743271221532091,0.5034364665596534
28,5388.7009437,1.0396822690963745,0.9055545115305109,0.9165544913279289,0.7227979274611399,0.6493055555555556,0.9689119170984456,0.7775467775467775,0.5119047619047619
29,5389.7712042,1.023155689239502,0.9083465327928267,0.9194547849255905,0.7461139896373057,0.6714801444043321,0.9637305699481865,0.7914893617021276,0.546726936831443
30,5390.8983528,1.0244154930114746,0.9116754812209724,0.9223733434107589,0.7461139896373057,0.6714801444043321,0.9637305699481865,0.7914893617021276,0.546726936831443
31,5392.1108412,1.0215556621551514,0.9142795779752477,0.9246368209717615,0.7694300518134715,0.6940298507462687,0.9637305699481865,0.806941431670282,0.584823665697212
32,5393.1933132,1.0037298202514648,0.9164272866385675,0.9264760323667501,0.7616580310880829,0.6863468634686347,0.9637305699481865,0.8017241379310345,0.5721208934319982
33,5394.2222600000005,1.0068920850753784,0.9190045370345513,0.9281005833688865,0.7461139896373057,0.6690391459074733,0.9740932642487047,0.7932489451476793,0.5530645163641781
34,5395.2422071,1.007890224456787,0.9210717066229965,0.9295203988897723,0.7383419689119171,0.6608391608391608,0.9792746113989638,0.7891440501043843,0.544007404309956
35,5396.3397798,0.9960479140281677,0.9231120298531504,0.9313050982948206,0.7590673575129534,0.6824817518248175,0.9689119170984456,0.8008565310492505,0.5708417215969288
36,5397.3813051,0.9867990016937256,0.9251255067250127,0.933074024803868,0.7590673575129534,0.6824817518248175,0.9689119170984456,0.8008565310492505,0.5708417215969288
37,5398.4641473,0.9795106649398804,0.9267899809390856,0.9344089032376753,0.7590673575129534,0.6824817518248175,0.9689119170984456,0.8008565310492505,0.5708417215969288
38,5399.4953749,0.9846335649490356,0.9282933770034095,0.9357608029546448,0.7590673575129534,0.6824817518248175,0.9689119170984456,0.8008565310492505,0.5708417215969288
39,5400.5301752,0.9757936000823975,0.9295551558431099,0.9369281810340669,0.7098445595854922,0.6345514950166113,0.9896373056994818,0.7732793522267206,0.506398380639208
40,5401.5538693,0.9697076082229614,0.9308437810411018,0.9379892125458753,0.8005181347150259,0.7301587301587301,0.9533678756476683,0.8269662921348314,0.6312557101667279
41,5402.6085407,0.9623857736587524,0.9318102499395957,0.938735613843825,0.8005181347150259,0.7301587301587301,0.9533678756476683,0.8269662921348314,0.6312557101667279
42,5403.6309558,0.9595028162002563,0.9331525678541706,0.9398292756634323,0.7642487046632125,0.6875,0.9689119170984456,0.8043010752688173,0.5792463342909248
43,5404.6604054,0.9613595008850098,0.9343338076189964,0.9408201887791336,0.7797927461139896,0.7030075187969925,0.9689119170984456,0.8148148148148149,0.6044944448335208
44,5405.6813849,0.956519603729248,0.9355150473838224,0.9418396801558822,0.7772020725388601,0.700374531835206,0.9689119170984456,0.8130434782608696,0.6002810953081231
45,5406.7139059,0.9627158641815186,0.9367499798652312,0.9431354506097819,0.7797927461139896,0.7030075187969925,0.9689119170984456,0.8148148148148149,0.6044944448335208
46,5407.7393598,0.9412137269973755,0.9376359096888507,0.9439843070217142,0.7797927461139896,0.7030075187969925,0.9689119170984456,0.8148148148148149,0.6044944448335208
47,5408.7704656,0.9483833909034729,0.9385486858707616,0.9447556051324346,0.8419689119170984,0.7894736842105263,0.9326424870466321,0.8551068883610451,0.6954693007610994
48,5409.826224,0.9512158632278442,0.9393809229777981,0.9455191940852289,0.8497409326424871,0.8026905829596412,0.927461139896373,0.8605769230769229,0.7080884896656291
49,5410.8833491,0.9485185742378235,0.9401057746516684,0.9461146145732073,0.8575129533678757,0.8136363636363636,0.927461139896373,0.8668280871670702,0.7221271972011362
50,5411.9575609,0.9451045989990234,0.9410722435501625,0.9469935894346189,0.8575129533678757,0.8136363636363636,0.927461139896373,0.8668280871670702,0.7221271972011362
51,5412.9850488,0.9415110349655151,0.9413943998496604,0.9472550861679618,0.8601036269430051,0.817351598173516,0.927461139896373,0.8689320388349514,0.7268327826711545
52,5414.0414401,0.9371684789657593,0.9418239415823243,0.9476793656638961,0.8601036269430051,0.817351598173516,0.927461139896373,0.8689320388349514,0.7268327826711545
53,5415.0571231,0.9377057552337646,0.9422534833149884,0.948044931253291,0.8601036269430051,0.817351598173516,0.927461139896373,0.8689320388349514,0.7268327826711545
54,5416.0774081,0.9385045766830444,0.9430051813471503,0.9488044424529609,0.8575129533678757,0.8136363636363636,0.927461139896373,0.8668280871670702,0.7221271972011362
55,5417.1091922,0.9297815561294556,0.9434615694381057,0.9491721063973924,0.8601036269430051,0.817351598173516,0.927461139896373,0.8689320388349514,0.7268327826711545
56,5418.1354092,0.933265209197998,0.9437300330210207,0.9494690544573785,0.8601036269430051,0.817351598173516,0.927461139896373,0.8689320388349514,0.7268327826711545
57,5419.157768,0.9247503280639648,0.9438911111707697,0.9496438995726101,0.8290155440414507,0.7656903765690377,0.9481865284974094,0.8472222222222223,0.6775574160400387
58,5420.1831584,0.9306273460388184,0.9440521893205186,0.9497822550857975,0.8290155440414507,0.7656903765690377,0.9481865284974094,0.8472222222222223,0.6775574160400387
59,5421.2498192,0.9305418133735657,0.9443474992617251,0.9500573217312143,0.8290155440414507,0.7656903765690377,0.9481865284974094,0.8472222222222223,0.6775574160400387
60,5422.2789986,0.9265671968460083,0.9446428092029316,0.9502747594252552,0.8264248704663213,0.7625,0.9481865284974094,0.8452655889145497,0.6731138029938339
61,5423.2976229,0.927970290184021,0.9450186582190127,0.950428675744545,0.8367875647668394,0.7777777777777778,0.9430051813471503,0.8524590163934427,0.6893084932237593
62,5424.3149501,0.9238249063491821,0.9451528900104701,0.9509724145108236,0.8264248704663213,0.7603305785123967,0.9533678756476683,0.8459770114942529,0.6749655638598863
63,5425.3452991,0.9096431136131287,0.9451528900104701,0.9513456616820626,0.8160621761658031,0.7459677419354839,0.9585492227979274,0.8390022675736961,0.6594690938482262
64,5426.3709084,0.8944374322891235,0.9437031866627291,0.9502292080254904,0.8212435233160622,0.7520325203252033,0.9585492227979274,0.8428246013667426,0.6681748329840156
65,5427.3884216,0.8888869285583496,0.9431125667803163,0.9496879519998608,0.810880829015544,0.7380952380952381,0.9637305699481865,0.8359550561797754,0.6530231484483392
66,5428.4348129,0.8836763501167297,0.9424145614647373,0.9491175207362572,0.8031088082901554,0.7276264591439688,0.9689119170984456,0.831111111111111,0.6425759173903035
67,5429.4703453,0.8713797330856323,0.9425756396144863,0.9490942114078167,0.810880829015544,0.7362204724409449,0.9689119170984456,0.83668903803132,0.6553562146454746
68,5430.4967083,0.8551998734474182,0.9420655588069478,0.9483696848971015,0.7953367875647669,0.7175572519083969,0.9740932642487047,0.8263736263736264,0.6324749990922407
69,5431.5236604,0.8440560102462769,0.9449381191441382,0.9511703469932701,0.8031088082901554,0.7276264591439688,0.9689119170984456,0.831111111111111,0.6425759173903035
70,5432.55543,0.8409155011177063,0.946709978791377,0.9524920484412223,0.8134715025906736,0.7372549019607844,0.9740932642487047,0.8392857142857144,0.6620329912359411
71,5433.584836,0.832608699798584,0.9471126741657494,0.9523524633616065,0.8341968911917098,0.763265306122449,0.9689119170984456,0.8538812785388128,0.6940601532354108
72,5434.6386232,0.8251867294311523,0.9484012993637414,0.9529935620891002,0.8186528497409327,0.7411764705882353,0.9792746113989638,0.84375,0.6729756853059566
73,5435.677796,0.816312849521637,0.9475422158984135,0.9514752071783696,0.8316062176165803,0.7580645161290323,0.9740932642487047,0.8526077097505668,0.6919020001030569
74,5436.7007845,0.8081039190292358,0.9469515960160004,0.950970880886473,0.8212435233160622,0.746031746031746,0.9740932642487047,0.8449438202247191,0.6747905867299504
75,5437.7322599,0.7979152798652649,0.9471126741657494,0.9514368584006841,0.8393782383419689,0.7763713080168776,0.9533678756476683,0.8558139534883721,0.6971142949841784
76,5438.7756580000005,0.7949560284614563,0.9479180649144944,0.9522357838439428,0.8393782383419689,0.7695473251028807,0.9689119170984456,0.8577981651376148,0.7027488443963339
77,5439.811852,0.7770113945007324,0.9493140755456522,0.9538171066477814,0.810880829015544,0.734375,0.9740932642487047,0.8374164810690423,0.657793514480272
78,5440.838921,0.7750048637390137,0.9488845338129883,0.9539431415530208,0.8082901554404145,0.7315175097276264,0.9740932642487047,0.8355555555555555,0.6535601211063771
79,5441.872234,0.7719287872314453,0.9479717576310772,0.9530056998285252,0.8186528497409327,0.7411764705882353,0.9792746113989638,0.84375,0.6729756853059566
80,5442.9203819,0.7700009346008301,0.9476764476898709,0.9527029893680281,0.8082901554404145,0.7279693486590039,0.9844559585492227,0.8370044052863437,0.6588274735063372
81,5443.9436279,0.7583050727844238,0.9473274450320814,0.9522771598240881,0.7953367875647669,0.7142857142857143,0.9844559585492227,0.8278867102396514,0.6380774695464941
82,5444.9656989000005,0.7632452845573425,0.9478106794813284,0.9527095316116574,0.8341968911917098,0.7676348547717843,0.9585492227979274,0.8525345622119817,0.6900764202114607
83,5445.987735,0.7476868629455566,0.9486966093049478,0.9539161515704416,0.8212435233160622,0.748,0.9689119170984456,0.8442437923250563,0.6724844192378341
84,5447.0041019,0.7388656139373779,0.9488845338129882,0.953883649815874,0.7564766839378239,0.6736842105263158,0.9948186528497409,0.8033472803347281,0.5835150713199531
85,5448.0367134,0.7320017218589783,0.9503879298773122,0.9552775187316522,0.8031088082901554,0.7258687258687259,0.9740932642487047,0.831858407079646,0.6451105127401727
86,5449.0645382,0.7263852953910828,0.9512738597009316,0.9559572522640377,0.7901554404145078,0.7089552238805971,0.9844559585492227,0.824295010845987,0.6298101015200744
87,5450.0899479,0.7188140153884888,0.9502536980858546,0.9546058163144011,0.8134715025906736,0.7372549019607844,0.9740932642487047,0.8392857142857144,0.6620329912359411
88,5451.1286668,0.7217682003974915,0.9496899245617333,0.9542503214589175,0.805699481865285,0.7269230769230769,0.9792746113989638,0.8344370860927153,0.6519436517295992
89,5452.1525371,0.7154009342193604,0.9504147762356037,0.9547808615027119,0.805699481865285,0.7269230769230769,0.9792746113989638,0.8344370860927153,0.6519436517295992
90,5453.2460174,0.70846027135849,0.9515289001047007,0.955834346588957,0.844559585492228,0.7829787234042553,0.9533678756476683,0.8598130841121495,0.7060398860538171
91,5454.2761387,0.700059175491333,0.9526161776155064,0.9564801614905046,0.8341968911917098,0.7654320987654321,0.9637305699481865,0.8532110091743119,0.6920198544055502
92,5455.3061951,0.6993441581726074,0.953018872989879,0.9565827444155235,0.8367875647668394,0.7663934426229508,0.9689119170984456,0.8558352402745996,0.6984000582920252
93,5456.3291092,0.6921433806419373,0.9533678756476683,0.9568736146327232,0.8316062176165803,0.7601626016260162,0.9689119170984456,0.8519362186788155,0.6897288598544677
94,5457.3573959,0.6866663098335266,0.9535289537974174,0.9576732462951422,0.8341968911917098,0.763265306122449,0.9689119170984456,0.8538812785388128,0.6940601532354108
95,5458.3875101,0.6848112940788269,0.951998711374802,0.9563936072562116,0.8238341968911918,0.751004016064257,0.9689119170984456,0.8461538461538463,0.6767839578955034
96,5459.4121473000005,0.673538327217102,0.9499046954280652,0.9544960985719404,0.8160621761658031,0.7401574803149606,0.9740932642487047,0.8411633109619688,0.6662788182228991
97,5460.4341724,0.6815850734710693,0.9489382265295712,0.9533999632450015,0.8005181347150259,0.7196969696969697,0.9844559585492227,0.8315098468271335,0.64636243810339
98,5461.4629016,0.6687391996383667,0.9499046954280651,0.9539726851540637,0.8082901554404145,0.7279693486590039,0.9844559585492227,0.8370044052863437,0.6588274735063372
99,5462.4841925,0.6679944396018982,0.9516497087170125,0.9552667900494924,0.8005181347150259,0.7213740458015268,0.9792746113989638,0.8307692307692308,0.6435710517078941
100,5463.5053383,0.6623002290725708,0.9532873365727939,0.9569561332008188,0.8160621761658031,0.7401574803149606,0.9740932642487047,0.8411633109619688,0.6662788182228991
101,5464.5167799,0.6610649824142456,0.9548175789954093,0.9585858043738001,0.8419689119170984,0.7704918032786885,0.9740932642487047,0.860411899313501,0.709144674573441
102,5465.5281193,0.6546034812927246,0.9557572015356117,0.9597265913902875,0.8316062176165803,0.7580645161290323,0.9740932642487047,0.8526077097505668,0.6919020001030569
103,5466.5465986,0.6486631631851196,0.9554081988778221,0.9599514124678243,0.8186528497409327,0.7411764705882353,0.9792746113989638,0.84375,0.6729756853059566
104,5467.567828,0.6426569223403931,0.9548981180702838,0.9596235001730232,0.8160621761658031,0.73828125,0.9792746113989638,0.8418708240534521,0.6687567397216099
105,5468.5933312,0.6467011570930481,0.9539048028134983,0.9584958037864639,0.8160621761658031,0.73828125,0.9792746113989638,0.8418708240534521,0.6687567397216099
106,5469.6192372,0.638883650302887,0.9538242637386238,0.9584768835043784,0.8082901554404145,0.7297297297297297,0.9792746113989638,0.8362831858407079,0.6561380428724833
107,5470.6399126,0.6361067295074463,0.9535558001557087,0.9580383102689716,0.8989637305699482,0.8928571428571429,0.9067357512953368,0.8997429305912596,0.7980238751210129
108,5471.6959684,0.6381373405456543,0.9542538054712878,0.9591170121332522,0.8963730569948186,0.8883248730964467,0.9067357512953368,0.8974358974358975,0.7929164276288965
109,5472.7126124,0.6320844292640686,0.9544148836210368,0.9594071529593039,0.844559585492228,0.7854077253218884,0.9481865284974094,0.8591549295774649,0.7044139776202716
110,5473.739574,0.6306513547897339,0.954938387607721,0.9601974651044758,0.8601036269430051,0.8088888888888889,0.9430051813471503,0.8708133971291866,0.7303156431148999
111,5474.7591247,0.6282142400741577,0.9546028081290773,0.9599896639710991,0.8316062176165803,0.7622950819672131,0.9637305699481865,0.8512585812356979,0.6876554420106095
112,5475.7885244,0.6258636116981506,0.9543611909044539,0.9596441178339349,0.8160621761658031,0.7401574803149606,0.9740932642487047,0.8411633109619688,0.6662788182228991
113,5476.8159046,0.6197065711021423,0.9549518107868666,0.9601658717375546,0.8290155440414507,0.757085020242915,0.9689119170984456,0.8500000000000001,0.6854059089417256
114,5477.84075,0.6195567846298218,0.9550055035034497,0.9602742659664433,0.8393782383419689,0.7695473251028807,0.9689119170984456,0.8577981651376148,0.7027488443963339
115,5478.8675873,0.6209241151809692,0.9540390346049558,0.9592047883806263,0.8419689119170984,0.7796610169491526,0.9533678756476683,0.8578088578088577,0.7015720845576087
116,5479.8926112,0.6101197004318237,0.9521329431662595,0.9573599121112217,0.8471502590673575,0.7863247863247863,0.9533678756476683,0.8618266978922716,0.710517985322952
117,5480.9007866,0.6112750768661499,0.9522805981368626,0.9574855686963695,0.805699481865285,0.7286821705426356,0.9740932642487047,0.8337028824833703,0.6493325434151476
118,5481.9224708,0.6137138605117798,0.953179951139628,0.9586402251397008,0.8134715025906736,0.7372549019607844,0.9740932642487047,0.8392857142857144,0.6620329912359411
119,5482.942323,0.6112074255943298,0.9533678756476685,0.958689902264101,0.8186528497409327,0.7450199203187251,0.9689119170984456,0.8423423423423423,0.668192145787347
120,5483.9660159000005,0.612153172492981,0.9528175253026927,0.957944966681762,0.8238341968911918,0.7530364372469636,0.9637305699481865,0.8454545454545455,0.6746121151001236
121,5484.9912135,0.6090952754020691,0.9535826465140004,0.9584519728040407,0.8238341968911918,0.7530364372469636,0.9637305699481865,0.8454545454545455,0.6746121151001236
122,5486.0127047,0.6098664999008179,0.9545491154124943,0.9592556496569236,0.8911917098445595,0.8719211822660099,0.917098445595855,0.8939393939393939,0.7834357462793478
123,5487.0359207,0.6046870350837708,0.9554350452361137,0.9600599005171994,0.8963730569948186,0.8805970149253731,0.917098445595855,0.8984771573604061,0.7934280279257752
124,5488.0614274,0.601126492023468,0.9559719724019438,0.9606877353829449,0.8963730569948186,0.8805970149253731,0.917098445595855,0.8984771573604061,0.7934280279257752
125,5489.0810208,0.6040671467781067,0.956535745926065,0.9610451139942788,0.7772020725388601,0.6945454545454546,0.9896373056994818,0.8162393162393163,0.6124292735243925
126,5490.0986887,0.5979675054550171,0.9564015141346076,0.9609288354162567,0.8989637305699482,0.8928571428571429,0.9067357512953368,0.8997429305912596,0.7980238751210129
127,5491.1157335,0.5971393585205078,0.9561867432682756,0.9608077904896898,0.8963730569948186,0.8805970149253731,0.917098445595855,0.8984771573604061,0.7934280279257752
128,5492.1393154,0.5965436697006226,0.9557572015356117,0.9601267619284718,0.8937823834196891,0.8762376237623762,0.917098445595855,0.8962025316455696,0.7884224673902088
129,5493.1645228,0.5971644520759583,0.9547236167413891,0.9591688302942263,0.8601036269430051,0.8116591928251121,0.9378238341968912,0.8701923076923077,0.7290688893594256
130,5494.1902877,0.5946356654167175,0.9546833472039518,0.9589203696206363,0.8626943005181347,0.8153153153153153,0.9378238341968912,0.872289156626506,0.7337187616996383
131,5495.2754551,0.6022683382034302,0.9547370399205348,0.9592538472623944,0.8652849740932642,0.8190045248868778,0.9378238341968912,0.8743961352657005,0.7383818344481584
132,5496.3130104,0.5931555032730103,0.9555692770275712,0.96031512650251,0.8497409326424871,0.7922077922077922,0.9481865284974094,0.8632075471698113,0.7134473504823938
133,5497.3450681,0.5862218737602234,0.9556229697441542,0.9604618910652333,0.8575129533678757,0.8026315789473685,0.9481865284974094,0.8693586698337293,0.7270815417047858
134,5498.3795163,0.5899913311004639,0.9564283604928991,0.9613202781013401,0.7823834196891192,0.6996336996336996,0.9896373056994818,0.8197424892703863,0.620591685411025
135,5499.4059291,0.5866636037826538,0.9571800585250609,0.9619058315638623,0.7823834196891192,0.6996336996336996,0.9896373056994818,0.8197424892703863,0.620591685411025
136,5500.4361429,0.5822833180427551,0.9571129426293323,0.9618566168125223,0.7823834196891192,0.6996336996336996,0.9896373056994818,0.8197424892703863,0.620591685411025
137,5501.4881923,0.5826760530471802,0.9568579022255631,0.9615436463425898,0.8160621761658031,0.7401574803149606,0.9740932642487047,0.8411633109619688,0.6662788182228991
138,5502.523745,0.5864515900611877,0.9564820532094821,0.9611950610120251,0.8160621761658031,0.7401574803149606,0.9740932642487047,0.8411633109619688,0.6662788182228991
139,5503.5561607,0.5862553119659424,0.9562941287014416,0.9609551266575994,0.8134715025906736,0.7372549019607844,0.9740932642487047,0.8392857142857144,0.6620329912359411
140,5504.6002134,0.5804006457328796,0.9554618915944052,0.960238108946256,0.9067357512953368,0.9153439153439153,0.8963730569948186,0.9057591623036648,0.8136462688740963
141,5505.6744912,0.5850072503089905,0.9552471207280733,0.9599300759177642,0.9067357512953368,0.9153439153439153,0.8963730569948186,0.9057591623036648,0.8136462688740963
142,5506.7065815,0.582901656627655,0.9556229697441543,0.9601007266452335,0.9015544041450777,0.9057591623036649,0.8963730569948186,0.9010416666666666,0.803151932857028
143,5507.7424185,0.5807936787605286,0.9561598969099842,0.9605279102372389,0.8341968911917098,0.7676348547717843,0.9585492227979274,0.8525345622119817,0.6900764202114607
144,5508.7764137,0.5826142430305481,0.9568310558672717,0.9612036564101907,0.8419689119170984,0.7773109243697479,0.9585492227979274,0.8584686774941995,0.7033226357489482
145,5509.8009109,0.5789533853530884,0.9575827538994335,0.9620155250692797,0.9041450777202072,0.9020618556701031,0.9067357512953368,0.9043927648578811,0.8083010054824363
146,5510.8309264,0.5759202241897583,0.9578243711240569,0.9620665481127929,0.9041450777202072,0.9020618556701031,0.9067357512953368,0.9043927648578811,0.8083010054824363
147,5511.8603497,0.5779866576194763,0.9581196810652636,0.9620026774491686,0.8419689119170984,0.775,0.9637305699481865,0.859122401847575,0.7051668412316356
148,5512.8815069,0.5782651305198669,0.9579586029155144,0.9616078365506533,0.8264248704663213,0.752,0.9740932642487047,0.8487584650112866,0.6833309421287669
149,5513.905217,0.5803812742233276,0.957287443958227,0.9608332842698253,0.8264248704663213,0.75,0.9792746113989638,0.8494382022471911,0.6856743058707561
150,5514.9205938000005,0.5767053365707397,0.9571532121667695,0.9607780912898746,0.8212435233160622,0.7440944881889764,0.9792746113989638,0.8456375838926175,0.6772014218003237
151,5515.9598086,0.5729569792747498,0.9570592499127494,0.9608300574637886,0.8160621761658031,0.73828125,0.9792746113989638,0.8418708240534521,0.6687567397216099
152,5516.9887159,0.5770292282104492,0.9573142903165186,0.9611127570112141,0.8186528497409327,0.7430830039525692,0.9740932642487047,0.8430493273542601,0.6705312615563132
153,5518.0450981,0.5744307041168213,0.9574082525705387,0.9612782228776844,0.8186528497409327,0.7430830039525692,0.9740932642487047,0.8430493273542601,0.6705312615563132
154,5519.0753815,0.5754719972610474,0.9572874439582271,0.9613871768809344,0.8212435233160622,0.746031746031746,0.9740932642487047,0.8449438202247191,0.6747905867299504
155,5520.115345,0.569414496421814,0.9572069048833525,0.9612682902463067,0.8212435233160622,0.746031746031746,0.9740932642487047,0.8449438202247191,0.6747905867299504
156,5521.1449841,0.5736881494522095,0.957233751241644,0.9613126561229022,0.7953367875647669,0.7142857142857143,0.9844559585492227,0.8278867102396514,0.6380774695464941
157,5522.1716394000005,0.5676244497299194,0.9569787108378748,0.961223269929338,0.7953367875647669,0.7142857142857143,0.9844559585492227,0.8278867102396514,0.6380774695464941
158,5523.2047987,0.5724010467529297,0.9568310558672715,0.9612018244175309,0.8186528497409327,0.7450199203187251,0.9689119170984456,0.8423423423423423,0.668192145787347
159,5524.2296147,0.568797767162323,0.9571666353459153,0.9616717838504657,0.8212435233160622,0.748,0.9689119170984456,0.8442437923250563,0.6724844192378341
160,5525.2553529,0.569060206413269,0.9573411366748101,0.9618848415724441,0.8393782383419689,0.7717842323651453,0.9637305699481865,0.8571428571428572,0.7007752794395453
161,5526.2871708,0.5678616762161255,0.9576230234368707,0.9621512554543449,0.8393782383419689,0.7717842323651453,0.9637305699481865,0.8571428571428572,0.7007752794395453
162,5527.3115067,0.5686461329460144,0.957663292974308,0.9622047791671986,0.8316062176165803,0.7601626016260162,0.9689119170984456,0.8519362186788155,0.6897288598544677
163,5528.3461094,0.5688536167144775,0.957609600257725,0.9621325749143246,0.8290155440414507,0.757085020242915,0.9689119170984456,0.8500000000000001,0.6854059089417256
164,5529.3716441,0.5702930688858032,0.9573679830331017,0.9618530308042255,0.8393782383419689,0.7740585774058577,0.9585492227979274,0.8564814814814814,0.6988978070964179
165,5530.3939978,0.5660373568534851,0.9573679830331016,0.961857952118709,0.8212435233160622,0.748,0.9689119170984456,0.8442437923250563,0.6724844192378341
166,5531.4597492,0.5666347146034241,0.9572605975999354,0.9615386480792694,0.8212435233160622,0.748,0.9689119170984456,0.8442437923250563,0.6724844192378341
167,5532.4798552,0.5689245462417603,0.957180058525061,0.9613726320123783,0.8212435233160622,0.748,0.9689119170984456,0.8442437923250563,0.6724844192378341
168,5533.5037473,0.5636569261550903,0.957394829391393,0.9615184551358831,0.8212435233160622,0.748,0.9689119170984456,0.8442437923250563,0.6724844192378341
169,5534.5182844,0.5654243230819702,0.9573948293913931,0.9615718954346195,0.8419689119170984,0.7796610169491526,0.9533678756476683,0.8578088578088577,0.7015720845576087
170,5535.5372948,0.5651919841766357,0.9573679830331016,0.9615566497522696,0.844559585492228,0.7829787234042553,0.9533678756476683,0.8598130841121495,0.7060398860538171
171,5536.5611089,0.5691236853599548,0.9575290611828505,0.9617592943308466,0.8471502590673575,0.7863247863247863,0.9533678756476683,0.8618266978922716,0.710517985322952
172,5537.5858749,0.564770519733429,0.9572874439582271,0.9615279975160923,0.8393782383419689,0.7740585774058577,0.9585492227979274,0.8564814814814814,0.6988978070964179
173,5538.6091779,0.5662039518356323,0.957180058525061,0.961523801640666,0.8393782383419689,0.7740585774058577,0.9585492227979274,0.8564814814814814,0.6988978070964179
174,5539.6286665,0.5649820566177368,0.9571800585250609,0.9615957627059032,0.8419689119170984,0.7773109243697479,0.9585492227979274,0.8584686774941995,0.7033226357489482
175,5540.6538288,0.5666511654853821,0.9570726730918951,0.9615554499835374,0.8341968911917098,0.7654320987654321,0.9637305699481865,0.8532110091743119,0.6920198544055502
176,5541.6672737,0.5664348006248474,0.9569250181212918,0.9614515476078231,0.8341968911917098,0.7654320987654321,0.9637305699481865,0.8532110091743119,0.6920198544055502
177,5542.6857436,0.5688377022743225,0.9566297081800854,0.9612172345953796,0.8264248704663213,0.7560975609756098,0.9637305699481865,0.847380410022779,0.6789518464192417
178,5543.7087505,0.564914345741272,0.9567102472549598,0.961218085036679,0.8316062176165803,0.7644628099173554,0.9585492227979274,0.8505747126436782,0.6856793029687733
179,5544.7346114,0.5663703083992004,0.9567505167923971,0.9611968844724321,0.7849740932642487,0.7037037037037037,0.9844559585492227,0.8207343412526997,0.6215582116524095
180,5545.7669773,0.568148672580719,0.9566699777175226,0.9611783317529294,0.7849740932642487,0.7037037037037037,0.9844559585492227,0.8207343412526997,0.6215582116524095
181,5546.7854489,0.5650970339775085,0.957072673091895,0.9614982527830059,0.8367875647668394,0.7708333333333334,0.9585492227979274,0.8545034642032332,0.6944824951523684
182,5547.8040219,0.5639938116073608,0.9573679830331016,0.9615649583971123,0.8393782383419689,0.7740585774058577,0.9585492227979274,0.8564814814814814,0.6988978070964179
183,5548.8305601,0.5656200051307678,0.9566162850009395,0.960665239097331,0.8160621761658031,0.7401574803149606,0.9740932642487047,0.8411633109619688,0.6662788182228991
184,5549.8528291,0.5598387718200684,0.955743778356466,0.9597812207294664,0.8082901554404145,0.7279693486590039,0.9844559585492227,0.8370044052863437,0.6588274735063372
185,5550.8996046,0.5586174726486206,0.955690085639883,0.9600771249487823,0.8626943005181347,0.8125,0.9430051813471503,0.8729016786570744,0.7349309197401641
186,5551.9318692,0.5620962977409363,0.9545893849499316,0.9590701912070236,0.8704663212435233,0.8294930875576036,0.9326424870466321,0.8780487804878049,0.7467286566323437
187,5552.961916,0.5638532042503357,0.9540658809632473,0.9592885674299361,0.8704663212435233,0.8264840182648402,0.9378238341968912,0.8786407766990291,0.7477488339710439
188,5553.9965925,0.5594426989555359,0.9548041558162635,0.9598119324873213,0.8471502590673575,0.7887931034482759,0.9481865284974094,0.8611764705882352,0.7089252507815622
189,5555.0192478,0.558256983757019,0.9563343982388789,0.9610124626811972,0.8575129533678757,0.8,0.9533678756476683,0.8699763593380614,0.7285391072339431
190,5556.040647,0.558180570602417,0.9582136433192838,0.9631558324277947,0.8704663212435233,0.8235294117647058,0.9430051813471503,0.8792270531400965,0.7488553356460046
191,5557.0801035,0.554241955280304,0.9592874976509437,0.964739742376324,0.883419689119171,0.8523809523809524,0.927461139896373,0.8883374689826303,0.7698316001832431
192,5558.1534889,0.5516472458839417,0.9593814599049638,0.9645670015504064,0.8523316062176166,0.7905982905982906,0.9585492227979274,0.8665105386416863,0.7211227313725482
193,5559.177766,0.5455517768859863,0.9599452334290852,0.9647987927355048,0.8549222797927462,0.7939914163090128,0.9585492227979274,0.8685446009389671,0.7255993604058437
194,5560.2039277,0.5555845499038696,0.9604687374157694,0.9649618329632919,0.8575129533678757,0.8,0.9533678756476683,0.8699763593380614,0.7285391072339431
195,5561.2376141,0.5470392107963562,0.9603076592660206,0.9643804782783646,0.9067357512953368,0.9025641025641026,0.9119170984455959,0.9072164948453609,0.8135151836035703
196,5562.2954791,0.5447074174880981,0.9588445327391338,0.9625723897439579,0.9041450777202072,0.9020618556701031,0.9067357512953368,0.9043927648578811,0.8083010054824363
197,5563.32034,0.5487390756607056,0.9584015678273242,0.9617133146922014,0.8497409326424871,0.7848101265822784,0.9637305699481865,0.8651162790697674,0.7184002276554511
198,5564.3595983000005,0.5464510917663574,0.9595425380547129,0.9631036637604207,0.8601036269430051,0.8008658008658008,0.9585492227979274,0.8726415094339622,0.7345865312374277
199,5565.3858822,0.5439372062683105,0.9606298155655185,0.9645326135245758,0.8911917098445595,0.8511627906976744,0.9481865284974094,0.8970588235294118,0.7875165004887782
200,5566.4334117,0.5418141484260559,0.9619050175843646,0.9663383111545046,0.8911917098445595,0.8511627906976744,0.9481865284974094,0.8970588235294118,0.7875165004887782
201,5567.5308044,0.5409128665924072,0.9623882520336117,0.9671625762664562,0.8756476683937824,0.8251121076233184,0.9533678756476683,0.8846153846153846,0.7605394889001202
202,5568.6072003,0.5397188663482666,0.9624285215710489,0.9671380452244359,0.8575129533678757,0.7948717948717948,0.9637305699481865,0.8711943793911007,0.7317274774221445
203,5569.6767557,0.5399872064590454,0.960602969207227,0.9646551499105978,0.8756476683937824,0.8251121076233184,0.9533678756476683,0.8846153846153846,0.7605394889001202
204,5570.8547893,0.5390798449516296,0.9579049101989314,0.9617865116572996,0.8652849740932642,0.8078602620087336,0.9585492227979274,0.8767772511848342,0.7436208278299944
205,5571.9321696,0.5437133312225342,0.9580794115278263,0.9623014549844542,0.8341968911917098,0.7611336032388664,0.9740932642487047,0.8545454545454545,0.6961997027833275
206,5572.9635378,0.5395877361297607,0.9591666890386319,0.9638400975125656,0.844559585492228,0.7782426778242678,0.9637305699481865,0.8611111111111112,0.7095680026246075
207,5573.9833378,0.5360611081123352,0.9590593036054659,0.964089505094344,0.8575129533678757,0.8,0.9533678756476683,0.8699763593380614,0.7285391072339431
208,5574.9572152,0.5331544280052185,0.9590056108888829,0.9640717041116176,0.8316062176165803,0.7622950819672131,0.9637305699481865,0.8512585812356979,0.6876554420106095
209,5575.9280642,0.5393475890159607,0.9582539128567209,0.9633842403826118,0.8575129533678757,0.8053097345132744,0.9430051813471503,0.8687350835322196,0.7257129542976329
210,5576.8860397,0.533888041973114,0.9567236704341056,0.9618480786257974,0.8626943005181347,0.8125,0.9430051813471503,0.8729016786570744,0.7349309197401641
211,5577.8648824,0.5368660688400269,0.9576498697951623,0.9626349188356579,0.8601036269430051,0.8088888888888889,0.9430051813471503,0.8708133971291866,0.7303156431148999
212,5578.8513312000005,0.5351709723472595,0.9590458804263202,0.9639292020008299,0.8860103626943006,0.8599033816425121,0.9222797927461139,0.89,0.7740599190406307
213,5579.8253224,0.5295543074607849,0.9600257725039598,0.9652071953266566,0.8523316062176166,0.7905982905982906,0.9585492227979274,0.8665105386416863,0.7211227313725482
214,5580.7992423,0.5328047871589661,0.9599720797873769,0.9647504094983717,0.8678756476683938,0.8169642857142857,0.9481865284974094,0.8776978417266187,0.7454299328793093
215,5581.7784779,0.5370234847068787,0.9615425917474294,0.9660062213904498,0.8730569948186528,0.8243243243243243,0.9481865284974094,0.8819277108433735,0.7546821548910565
216,5582.7507876,0.5279005169868469,0.9629520255577331,0.9675564741064804,0.8316062176165803,0.7580645161290323,0.9740932642487047,0.8526077097505668,0.6919020001030569
217,5583.729778,0.5256671905517578,0.9635560686192919,0.9682927138299867,0.8756476683937824,0.8280542986425339,0.9481865284974094,0.8840579710144928,0.7593288368438508
218,5584.743587,0.527043879032135,0.963381567290397,0.9682903775228406,0.8782383419689119,0.8318181818181818,0.9481865284974094,0.8861985472154963,0.7639896434156948
219,5585.8018101,0.5248910188674927,0.9628446401245672,0.9671466270387966,0.8704663212435233,0.820627802690583,0.9481865284974094,0.8798076923076923,0.750049289053222
220,5586.8262482,0.5279454588890076,0.9614352063142635,0.9657142325122383,0.8419689119170984,0.7773109243697479,0.9585492227979274,0.8584686774941995,0.7033226357489482
221,5587.8554003,0.526820182800293,0.9596499234878789,0.9639495284854926,0.8626943005181347,0.8153153153153153,0.9378238341968912,0.872289156626506,0.7337187616996383
222,5588.8714829,0.5229986906051636,0.9582941823941582,0.9626207581123671,0.8575129533678757,0.8053097345132744,0.9430051813471503,0.8687350835322196,0.7257129542976329
223,5589.944002,0.5202736854553223,0.9574753684662676,0.9626157777327807,0.8316062176165803,0.7622950819672131,0.9637305699481865,0.8512585812356979,0.6876554420106095
224,5590.9172053,0.519645631313324,0.9574887916454133,0.9630120496906774,0.8497409326424871,0.7947598253275109,0.9430051813471503,0.862559241706161,0.711977388347867
225,5591.8949545,0.522477388381958,0.9582673360358667,0.9638635131272156,0.8886010362694301,0.8712871287128713,0.9119170984455959,0.8911392405063291,0.7780484875561272
226,5592.8639566,0.5204285383224487,0.9591264195011947,0.9642004368298607,0.8860103626943006,0.8634146341463415,0.917098445595855,0.8894472361809045,0.7735173341067346
227,5593.8347029,0.5210801959037781,0.9599989261456683,0.9649141256447433,0.8911917098445595,0.8647342995169082,0.927461139896373,0.8949999999999999,0.7844499850680217
228,5594.796009,0.5224793553352356,0.9607237778195388,0.9656911884493673,0.8238341968911918,0.749003984063745,0.9740932642487047,0.8468468468468467,0.6790570587269786
229,5595.7560126,0.5190995335578918,0.9610325109398911,0.9662490841346849,0.8264248704663213,0.752,0.9740932642487047,0.8487584650112866,0.6833309421287669
230,5596.7504152,0.5177710652351379,0.9611130500147654,0.9664515122407428,0.8316062176165803,0.7580645161290323,0.9740932642487047,0.8526077097505668,0.6919020001030569
231,5597.7216683,0.5177151560783386,0.9604553142366238,0.9659196700315195,0.8341968911917098,0.7654320987654321,0.9637305699481865,0.8532110091743119,0.6920198544055502
232,5598.6878042,0.5156347751617432,0.960495583774061,0.9660251545476511,0.8419689119170984,0.775,0.9637305699481865,0.859122401847575,0.7051668412316356
233,5599.6449675,0.5147700905799866,0.9596901930253161,0.9651821793858657,0.8316062176165803,0.7601626016260162,0.9689119170984456,0.8519362186788155,0.6897288598544677
234,5600.614761,0.5136134028434753,0.959274074471798,0.9648852997902324,0.8367875647668394,0.7663934426229508,0.9689119170984456,0.8558352402745996,0.6984000582920252
235,5601.6062569,0.5132580399513245,0.9599989261456683,0.9655969234058995,0.8393782383419689,0.7695473251028807,0.9689119170984456,0.8577981651376148,0.7027488443963339
236,5602.5758617,0.5105164647102356,0.9614754758517008,0.9666350837471234,0.8419689119170984,0.7727272727272727,0.9689119170984456,0.8597701149425286,0.7071067811865475
237,5603.5459129,0.5130258798599243,0.9619587103009476,0.9671787475040701,0.8290155440414507,0.7591836734693878,0.9637305699481865,0.8493150684931506,0.6832995307046292
238,5604.5260712,0.5112414360046387,0.9626567156165267,0.9675802984815616,0.8549222797927462,0.7965367965367965,0.9533678756476683,0.8679245283018868,0.7240169408599108
239,5605.4958033,0.5092179775238037,0.9622942897795914,0.9673768733748891,0.8626943005181347,0.8097345132743363,0.9481865284974094,0.8735083532219571,0.7362305333454247
240,5606.4593741,0.5112156867980957,0.961784208972053,0.9668439932447205,0.8575129533678757,0.8026315789473685,0.9481865284974094,0.8693586698337293,0.7270815417047858
241,5607.4305804,0.5099790096282959,0.9609117023275793,0.965993352581143,0.8471502590673575,0.7838983050847458,0.9585492227979274,0.8624708624708625,0.7122019646266633
242,5608.3903749,0.5071841478347778,0.960173427474563,0.9653852686893324,0.844559585492228,0.7805907172995781,0.9585492227979274,0.8604651162790697,0.7077572613198148
243,5609.4170656,0.5077403783798218,0.9607103546403931,0.9662816763196246,0.8497409326424871,0.7896995708154506,0.9533678756476683,0.863849765258216,0.7150066690130576
244,5610.441633,0.5066086053848267,0.961300974522806,0.9669337932304206,0.8419689119170984,0.7796610169491526,0.9533678756476683,0.8578088578088577,0.7015720845576087
245,5611.4672801,0.5053092837333679,0.9620124030175307,0.9678887481849344,0.8782383419689119,0.8411214953271028,0.9326424870466321,0.8845208845208844,0.7609948989664704
246,5612.4918024,0.5072157382965088,0.9615291685682836,0.967930023015835,0.8782383419689119,0.8411214953271028,0.9326424870466321,0.8845208845208844,0.7609948989664704
247,5613.4689099,0.5068413615226746,0.961354667239389,0.9678991068698798,0.8937823834196891,0.8762376237623762,0.917098445595855,0.8962025316455696,0.7884224673902088
248,5614.4932534,0.5093165636062622,0.9618647480469275,0.9682861958683678,0.8523316062176166,0.7905982905982906,0.9585492227979274,0.8665105386416863,0.7211227313725482
249,5615.5219008,0.5020142197608948,0.9625627533625064,0.9685315527924216,0.8523316062176166,0.7905982905982906,0.9585492227979274,0.8665105386416863,0.7211227313725482
250,5616.5029479,0.5038930773735046,0.9631399500657735,0.9689215989982385,0.8523316062176166,0.788135593220339,0.9637305699481865,0.8671328671328671,0.722831844695718
251,5617.5015857,0.5021644830703735,0.9629788719160246,0.9689943926974823,0.8808290155440415,0.8418604651162791,0.9378238341968912,0.8872549019607844,0.7666551362374199
252,5618.465928,0.5015690922737122,0.9622942897795913,0.9686031637629222,0.8704663212435233,0.8235294117647058,0.9430051813471503,0.8792270531400965,0.7488553356460046
253,5619.4572514,0.5039200186729431,0.9620660957341136,0.9682708301141023,0.8704663212435233,0.8264840182648402,0.9378238341968912,0.8786407766990291,0.7477488339710439
254,5620.4619194,0.5047458410263062,0.962052672554968,0.9681916537456602,0.8316062176165803,0.7622950819672131,0.9637305699481865,0.8512585812356979,0.6876554420106095
255,5621.4386504,0.5016269087791443,0.9604553142366239,0.9669076082108509,0.8393782383419689,0.7717842323651453,0.9637305699481865,0.8571428571428572,0.7007752794395453
256,5622.4095235,0.499934583902359,0.9598512711750652,0.9662163800131948,0.8393782383419689,0.7717842323651453,0.9637305699481865,0.8571428571428572,0.7007752794395453
257,5623.3642871,0.5013749599456787,0.9596901930253161,0.9658671695923161,0.8367875647668394,0.768595041322314,0.9637305699481865,0.8551724137931035,0.6963930420776604
258,5624.3175582,0.50013267993927,0.9599318102499397,0.9664784306321925,0.8419689119170984,0.7773109243697479,0.9585492227979274,0.8584686774941995,0.7033226357489482
259,5625.2747392,0.5009946227073669,0.9605224301323526,0.9671726242944676,0.8808290155440415,0.8483412322274881,0.927461139896373,0.886138613861386,0.7649923333878452
260,5626.2505429,0.49818113446235657,0.961247281806223,0.9679370731537043,0.8626943005181347,0.8070175438596491,0.9533678756476683,0.8741092636579572,0.7376189553526812
261,5627.2429091,0.4979534149169922,0.9631936427823565,0.969026614525895,0.8601036269430051,0.8034934497816594,0.9533678756476683,0.8720379146919431,0.7330730146692852
262,5628.2163077000005,0.4973687529563904,0.963703723589895,0.9692293308488812,0.8652849740932642,0.8078602620087336,0.9585492227979274,0.8767772511848342,0.7436208278299944
263,5629.1808581,0.49585968255996704,0.9639319176353728,0.9693607155492866,0.8601036269430051,0.8008658008658008,0.9585492227979274,0.8726415094339622,0.7345865312374277
264,5630.18719,0.4968647360801697,0.9635829149775833,0.9690138906511918,0.8782383419689119,0.8318181818181818,0.9481865284974094,0.8861985472154963,0.7639896434156948
265,5631.1752054,0.4972723424434662,0.9633949904695429,0.9689549573760502,0.8756476683937824,0.8280542986425339,0.9481865284974094,0.8840579710144928,0.7593288368438508
266,5632.2101928,0.4952554702758789,0.9637037235898951,0.9691788552025992,0.8652849740932642,0.8133333333333334,0.9481865284974094,0.875598086124402,0.7408237818647546
267,5633.1904718,0.4952368140220642,0.9636097613358748,0.9690835163947464,0.8678756476683938,0.8169642857142857,0.9481865284974094,0.8776978417266187,0.7454299328793093
268,5634.1729006,0.4932364225387573,0.9633547209321056,0.968773123945926,0.8549222797927462,0.7965367965367965,0.9533678756476683,0.8679245283018868,0.7240169408599108
269,5635.1477066,0.49393603205680847,0.9639856103519557,0.9690165429460703,0.8652849740932642,0.8105726872246696,0.9533678756476683,0.8761904761904762,0.7421772228868624
270,5636.1260727,0.4936671257019043,0.9620392493758222,0.9659445956275746,0.8678756476683938,0.8141592920353983,0.9533678756476683,0.8782816229116945,0.7467481123932165
271,5637.1089131,0.4918892979621887,0.9619452871218018,0.9658361499768462,0.8704663212435233,0.8149779735682819,0.9585492227979274,0.8809523809523809,0.7527045593817115
272,5638.0718769000005,0.49157798290252686,0.9619721334800934,0.9656491559062347,0.8652849740932642,0.8105726872246696,0.9533678756476683,0.8761904761904762,0.7421772228868624
273,5639.0398042,0.49156486988067627,0.9617976321511986,0.9654090132583455,0.844559585492228,0.7782426778242678,0.9637305699481865,0.8611111111111112,0.7095680026246075
274,5640.0320997,0.4903939962387085,0.9616634003597413,0.965298725606477,0.844559585492228,0.7782426778242678,0.9637305699481865,0.8611111111111112,0.7095680026246075
275,5640.9936996,0.490048348903656,0.9618379016886359,0.9658657769090716,0.8575129533678757,0.8,0.9533678756476683,0.8699763593380614,0.7285391072339431
276,5641.9767581,0.4889700412750244,0.9614620526725549,0.9659891977562642,0.8419689119170984,0.775,0.9637305699481865,0.859122401847575,0.7051668412316356
277,5642.9415133,0.4900733530521393,0.9603479288034578,0.9654606417887448,0.8316062176165803,0.7622950819672131,0.9637305699481865,0.8512585812356979,0.6876554420106095
278,5643.9011992,0.48817864060401917,0.960227120191146,0.9651871413522131,0.8523316062176166,0.7956521739130434,0.9481865284974094,0.8652482269503546,0.717980569447944
279,5644.8645053,0.49104905128479004,0.9594485758006925,0.9643930290324539,0.8393782383419689,0.7717842323651453,0.9637305699481865,0.8571428571428572,0.7007752794395453
280,5645.8321644,0.48863157629966736,0.9605224301323525,0.9664323042158673,0.8393782383419689,0.7717842323651453,0.9637305699481865,0.8571428571428572,0.7007752794395453
281,5646.7979278,0.4891921281814575,0.9611264731939113,0.9667529389308902,0.8341968911917098,0.7654320987654321,0.9637305699481865,0.8532110091743119,0.6920198544055502
282,5647.7575755,0.48891884088516235,0.9627775242288383,0.9683166209458417,0.8678756476683938,0.8198198198198198,0.9430051813471503,0.8771084337349397,0.7442004582953474
283,5648.747383,0.488979309797287,0.9634755295444173,0.9692475023997911,0.8730569948186528,0.8272727272727273,0.9430051813471503,0.8813559322033898,0.7535240318620551
284,5649.7277383,0.48659178614616394,0.9639184944562269,0.9696474366483719,0.8575129533678757,0.7948717948717948,0.9637305699481865,0.8711943793911007,0.7317274774221445
285,5650.7021301,0.486408531665802,0.9637171467690409,0.9694757629396928,0.8549222797927462,0.7914893617021277,0.9637305699481865,0.8691588785046729,0.7272741683411499
286,5651.6682271,0.48739323019981384,0.9630191414534619,0.968896619121886,0.8549222797927462,0.7914893617021277,0.9637305699481865,0.8691588785046729,0.7272741683411499
287,5652.6252674,0.48623785376548767,0.9624285215710489,0.9682536894627335,0.8523316062176166,0.7905982905982906,0.9585492227979274,0.8665105386416863,0.7211227313725482
288,5653.6062804,0.48539894819259644,0.9615828612848667,0.9674585076357446,0.8497409326424871,0.7896995708154506,0.9533678756476683,0.863849765258216,0.7150066690130576
289,5654.5814857,0.48641470074653625,0.9613815135976804,0.9673452368155446,0.8497409326424871,0.7896995708154506,0.9533678756476683,0.863849765258216,0.7150066690130576
290,5655.8070717,0.4839724600315094,0.961247281806223,0.9674238416829534,0.8497409326424871,0.7896995708154506,0.9533678756476683,0.863849765258216,0.7150066690130576
291,5656.8460911,0.48496705293655396,0.9615560149265753,0.9677294725051038,0.8549222797927462,0.801762114537445,0.9430051813471503,0.8666666666666667,0.7211225498971642
292,5658.0007626,0.4842880666255951,0.9614888990308466,0.9679903740743451,0.8419689119170984,0.7796610169491526,0.9533678756476683,0.8578088578088577,0.7015720845576087
293,5659.0168664,0.4853862524032593,0.9622405970630084,0.9683281962038855,0.8575129533678757,0.8080357142857143,0.9378238341968912,0.86810551558753,0.7244319066010189
294,5660.0637406,0.4836360514163971,0.9619050175843646,0.9681053889355451,0.8601036269430051,0.8088888888888889,0.9430051813471503,0.8708133971291866,0.7303156431148999
295,5661.1026071,0.48174765706062317,0.962052672554968,0.9682170953540742,0.8626943005181347,0.8097345132743363,0.9481865284974094,0.8735083532219571,0.7362305333454247
296,5662.1218269,0.48332881927490234,0.962321136137883,0.9684132936948333,0.8678756476683938,0.8169642857142857,0.9481865284974094,0.8776978417266187,0.7454299328793093
297,5663.1186332,0.48341572284698486,0.9627641010496927,0.9686790167104297,0.8626943005181347,0.8097345132743363,0.9481865284974094,0.8735083532219571,0.7362305333454247
298,5664.1418406,0.48289424180984497,0.9627104083331096,0.9686239427676065,0.8523316062176166,0.788135593220339,0.9637305699481865,0.8671328671328671,0.722831844695718
299,5665.1928245,0.4817359149456024,0.9629251791994415,0.968820432893753,0.8782383419689119,0.8348623853211009,0.9430051813471503,0.8856447688564477,0.762904133783412
300,5666.162224,0.4818466007709503,0.9628580633037128,0.9687542110844184,0.8756476683937824,0.8310502283105022,0.9430051813471503,0.883495145631068,0.7582068596209885
301,5667.1218714,0.4807768166065216,0.9620258261966764,0.9684691224013033,0.8497409326424871,0.7848101265822784,0.9637305699481865,0.8651162790697674,0.7184002276554511
302,5668.0795881,0.4829210340976715,0.9621332116298424,0.9686464893786287,0.8523316062176166,0.7931034482758621,0.9533678756476683,0.8658823529411765,0.7195062246738243
303,5669.0471093,0.4820288121700287,0.9621466348089881,0.9687576781387568,0.8419689119170984,0.7773109243697479,0.9585492227979274,0.8584686774941995,0.7033226357489482
304,5670.0043529,0.4816858172416687,0.9621734811672796,0.968916599825298,0.8652849740932642,0.8133333333333334,0.9481865284974094,0.875598086124402,0.7408237818647546
305,5670.9576842,0.480116605758667,0.9617842089720529,0.9686763420361713,0.844559585492228,0.7805907172995781,0.9585492227979274,0.8604651162790697,0.7077572613198148
306,5671.9064876,0.4801005423069,0.9618781712260732,0.9687999125030293,0.844559585492228,0.7829787234042553,0.9533678756476683,0.8598130841121495,0.7060398860538171
307,5672.8939237,0.48001453280448914,0.9626164460790894,0.9688338868033312,0.8419689119170984,0.7796610169491526,0.9533678756476683,0.8578088578088577,0.7015720845576087
308,5673.87945,0.47932225465774536,0.9622674434212999,0.9684116662841362,0.8419689119170984,0.7796610169491526,0.9533678756476683,0.8578088578088577,0.7015720845576087
309,5674.8447051,0.47892817854881287,0.9624687911084862,0.9686202801864987,0.8393782383419689,0.7787234042553192,0.9481865284974094,0.8551401869158879,0.6954227449101505
310,5675.8401831,0.4782557785511017,0.9619050175843646,0.9681557885896622,0.8393782383419689,0.7787234042553192,0.9481865284974094,0.8551401869158879,0.6954227449101505
311,5676.8182914,0.47719886898994446,0.9620660957341137,0.9682681068255814,0.8393782383419689,0.7763713080168776,0.9533678756476683,0.8558139534883721,0.6971142949841784
312,5677.7768717,0.47740504145622253,0.9613815135976804,0.968248699867861,0.8393782383419689,0.7763713080168776,0.9533678756476683,0.8558139534883721,0.6971142949841784
313,5678.8063998,0.47715407609939575,0.9617439394346157,0.968500567063289,0.8419689119170984,0.7796610169491526,0.9533678756476683,0.8578088578088577,0.7015720845576087
314,5679.7658305,0.4776515066623688,0.9620392493758222,0.9687091062483738,0.844559585492228,0.7829787234042553,0.9533678756476683,0.8598130841121495,0.7060398860538171
315,5680.7407087,0.47736790776252747,0.9624150983919031,0.9689504061335625,0.8601036269430051,0.8088888888888889,0.9430051813471503,0.8708133971291866,0.7303156431148999
316,5681.7025559,0.4768739342689514,0.9627104083331095,0.9690852486209041,0.8549222797927462,0.7965367965367965,0.9533678756476683,0.8679245283018868,0.7240169408599108
317,5682.6648557,0.4759594798088074,0.9629654487368788,0.9691276622539484,0.8678756476683938,0.8169642857142857,0.9481865284974094,0.8776978417266187,0.7454299328793093
318,5683.6322827,0.47616520524024963,0.962844640124567,0.9689758914653714,0.8730569948186528,0.8243243243243243,0.9481865284974094,0.8819277108433735,0.7546821548910565
319,5684.6153832,0.4755765497684479,0.9628714864828587,0.9689583216055957,0.8730569948186528,0.8243243243243243,0.9481865284974094,0.8819277108433735,0.7546821548910565
320,5685.5904353,0.47621840238571167,0.9630862573491905,0.9691134896398242,0.8756476683937824,0.8251121076233184,0.9533678756476683,0.8846153846153846,0.7605394889001202
321,5686.5602511,0.47727471590042114,0.9631399500657736,0.9691879816356932,0.8756476683937824,0.8251121076233184,0.9533678756476683,0.8846153846153846,0.7605394889001202
322,5687.5210933,0.47604840993881226,0.9632070659615024,0.9692858572530112,0.8782383419689119,0.8288288288288288,0.9533678756476683,0.8867469879518072,0.7651638514867657
323,5688.4888569,0.4755581021308899,0.9631265268866279,0.9692715079359386,0.8756476683937824,0.8251121076233184,0.9533678756476683,0.8846153846153846,0.7605394889001202
324,5689.4444684,0.474517822265625,0.963381567290397,0.9697095069398525,0.8704663212435233,0.8177777777777778,0.9533678756476683,0.8803827751196172,0.7513319206146093
325,5690.394602,0.47514209151268005,0.9637708394856237,0.9701681965726152,0.8678756476683938,0.8141592920353983,0.9533678756476683,0.8782816229116945,0.7467481123932165
326,5691.4390393,0.4745512306690216,0.9637976858439152,0.9702118863103173,0.8730569948186528,0.8243243243243243,0.9481865284974094,0.8819277108433735,0.7546821548910565
327,5692.4209538000005,0.4739222526550293,0.9637708394856238,0.9701844647634313,0.8730569948186528,0.8243243243243243,0.9481865284974094,0.8819277108433735,0.7546821548910565
328,5693.390936,0.4749089181423187,0.9633278745738141,0.9698504552132113,0.8730569948186528,0.8243243243243243,0.9481865284974094,0.8819277108433735,0.7546821548910565
329,5694.3613452,0.4736163020133972,0.9632070659615024,0.9697369215925872,0.8730569948186528,0.8243243243243243,0.9481865284974094,0.8819277108433735,0.7546821548910565
330,5695.3331082,0.47267580032348633,0.9631936427823566,0.9696978917585422,0.8730569948186528,0.8243243243243243,0.9481865284974094,0.8819277108433735,0.7546821548910565
331,5696.3107667,0.47234493494033813,0.9630459878117534,0.9694856098501516,0.8704663212435233,0.820627802690583,0.9481865284974094,0.8798076923076923,0.750049289053222
332,5697.2846741,0.47265511751174927,0.9628043705871299,0.9693015355289606,0.8704663212435233,0.820627802690583,0.9481865284974094,0.8798076923076923,0.750049289053222
333,5698.2908874,0.4722992479801178,0.9623882520336118,0.9689347407262191,0.8497409326424871,0.7872340425531915,0.9585492227979274,0.8644859813084111,0.7166570271974835
334,5699.2670604,0.47178715467453003,0.9622674434213001,0.9688404415213856,0.8523316062176166,0.7905982905982906,0.9585492227979274,0.8665105386416863,0.7211227313725482
335,5700.2376535,0.4722104072570801,0.9619855566592392,0.9686509221826611,0.8497409326424871,0.7872340425531915,0.9585492227979274,0.8644859813084111,0.7166570271974835
336,5701.2226552,0.47208356857299805,0.9619452871218019,0.9686033276762205,0.8704663212435233,0.8235294117647058,0.9430051813471503,0.8792270531400965,0.7488553356460046
337,5702.2734941,0.47271984815597534,0.9618244785094903,0.9685246056758055,0.8497409326424871,0.7872340425531915,0.9585492227979274,0.8644859813084111,0.7166570271974835
338,5703.2359984,0.47161030769348145,0.9617976321511987,0.9685060939530783,0.8678756476683938,0.8198198198198198,0.9430051813471503,0.8771084337349397,0.7442004582953474
339,5704.2197518,0.47215744853019714,0.961784208972053,0.9685303552377111,0.8678756476683938,0.8198198198198198,0.9430051813471503,0.8771084337349397,0.7442004582953474
340,5705.1930631000005,0.47139570116996765,0.9617439394346157,0.9684861094619853,0.8652849740932642,0.8161434977578476,0.9430051813471503,0.8750000000000001,0.7395590892063237
341,5706.1816271,0.4717213213443756,0.9617036698971784,0.9685475994712791,0.8626943005181347,0.8097345132743363,0.9481865284974094,0.8735083532219571,0.7362305333454247
342,5707.1512758,0.4711199998855591,0.96182447850949,0.9686401537140092,0.8652849740932642,0.8133333333333334,0.9481865284974094,0.875598086124402,0.7408237818647546
343,5708.1259821,0.47247084975242615,0.9617707857929072,0.9685522008262778,0.8704663212435233,0.820627802690583,0.9481865284974094,0.8798076923076923,0.750049289053222
344,5709.11601,0.47093984484672546,0.961837901688636,0.968597494065896,0.8704663212435233,0.8235294117647058,0.9430051813471503,0.8792270531400965,0.7488553356460046
345,5710.0718335,0.46990373730659485,0.961891594405219,0.9686603029223658,0.8601036269430051,0.8034934497816594,0.9533678756476683,0.8720379146919431,0.7330730146692852
346,5711.0379938,0.470474511384964,0.9621869043464254,0.9689494975391408,0.8730569948186528,0.8272727272727273,0.9430051813471503,0.8813559322033898,0.7535240318620551
347,5712.0076977,0.47132083773612976,0.962200327525571,0.9689870253918418,0.8730569948186528,0.8272727272727273,0.9430051813471503,0.8813559322033898,0.7535240318620551
348,5712.972838,0.47203582525253296,0.962535907004215,0.9692408084524912,0.8704663212435233,0.820627802690583,0.9481865284974094,0.8798076923076923,0.750049289053222
349,5713.9320973,0.4705517292022705,0.9625761765416522,0.9691843211089713,0.8756476683937824,0.8280542986425339,0.9481865284974094,0.8840579710144928,0.7593288368438508
350,5714.9100418,0.47078949213027954,0.962696985153964,0.9693611170113392,0.8756476683937824,0.8280542986425339,0.9481865284974094,0.8840579710144928,0.7593288368438508
351,5715.8789442,0.47089439630508423,0.9628714864828586,0.9695171771828033,0.8601036269430051,0.8008658008658008,0.9585492227979274,0.8726415094339622,0.7345865312374277
352,5716.8536252,0.4703865349292755,0.9629117560202959,0.9694967058942459,0.8575129533678757,0.7974137931034483,0.9585492227979274,0.8705882352941177,0.7300871985660864
353,5717.8311054,0.47165602445602417,0.9632607586780852,0.9698377983189989,0.8756476683937824,0.8310502283105022,0.9430051813471503,0.883495145631068,0.7582068596209885
354,5718.8015785,0.4693572521209717,0.9632473354989397,0.9698132304623336,0.8756476683937824,0.8310502283105022,0.9430051813471503,0.883495145631068,0.7582068596209885
355,5719.7703788,0.4698490500450134,0.9633681441112514,0.9699533622602945,0.8756476683937824,0.8310502283105022,0.9430051813471503,0.883495145631068,0.7582068596209885
356,5720.731891,0.46947818994522095,0.9632070659615024,0.9699315497287933,0.8730569948186528,0.8272727272727273,0.9430051813471503,0.8813559322033898,0.7535240318620551
357,5721.6982791,0.4703109562397003,0.9633547209321056,0.9700895071350474,0.8678756476683938,0.8169642857142857,0.9481865284974094,0.8776978417266187,0.7454299328793093
358,5722.6534987000005,0.47011739015579224,0.9633547209321056,0.9701018332895652,0.8678756476683938,0.8169642857142857,0.9481865284974094,0.8776978417266187,0.7454299328793093
359,5723.6112961,0.47125858068466187,0.9631533732449193,0.9699257622927778,0.8704663212435233,0.820627802690583,0.9481865284974094,0.8798076923076923,0.750049289053222
360,5724.580194,0.46786198019981384,0.9631265268866278,0.9699150984170717,0.8704663212435233,0.820627802690583,0.9481865284974094,0.8798076923076923,0.750049289053222
361,5725.5524064,0.4688611626625061,0.9631265268866278,0.9698855795434795,0.8704663212435233,0.820627802690583,0.9481865284974094,0.8798076923076923,0.750049289053222
362,5726.5082681,0.4720626175403595,0.963113103707482,0.9698702056939789,0.8704663212435233,0.820627802690583,0.9481865284974094,0.8798076923076923,0.750049289053222
363,5727.5704178,0.4689669907093048,0.9630057182743161,0.969779968801518,0.8704663212435233,0.820627802690583,0.9481865284974094,0.8798076923076923,0.750049289053222
364,5728.5304833,0.46967050433158875,0.9627775242288383,0.9695825660520191,0.8678756476683938,0.8169642857142857,0.9481865284974094,0.8776978417266187,0.7454299328793093
365,5729.4887203,0.4683469533920288,0.9627775242288383,0.9696138367139127,0.8678756476683938,0.8169642857142857,0.9481865284974094,0.8776978417266187,0.7454299328793093
366,5730.4473593,0.46885916590690613,0.9628043705871298,0.9696477294441147,0.8652849740932642,0.8133333333333334,0.9481865284974094,0.875598086124402,0.7408237818647546
367,5731.4091138,0.4683806598186493,0.9628312169454214,0.9696175424437925,0.8730569948186528,0.8272727272727273,0.9430051813471503,0.8813559322033898,0.7535240318620551
368,5732.3792188,0.46839439868927,0.9628177937662756,0.9695872137460991,0.8756476683937824,0.8310502283105022,0.9430051813471503,0.883495145631068,0.7582068596209885
369,5733.343322,0.46904465556144714,0.9628043705871299,0.9694948499679008,0.8756476683937824,0.8310502283105022,0.9430051813471503,0.883495145631068,0.7582068596209885
370,5734.3466844,0.4701426923274994,0.9626298692582351,0.9693144723770146,0.8730569948186528,0.8272727272727273,0.9430051813471503,0.8813559322033898,0.7535240318620551
371,5735.3410369,0.46890100836753845,0.9626030228999436,0.9692494688090736,0.8730569948186528,0.8272727272727273,0.9430051813471503,0.8813559322033898,0.7535240318620551
372,5736.3204268,0.469361811876297,0.9626030228999436,0.9692104505713312,0.8730569948186528,0.8302752293577982,0.9378238341968912,0.8807785888077859,0.7524533922247352
373,5737.2879607,0.46853557229042053,0.9624285215710489,0.9690290843367564,0.8678756476683938,0.8198198198198198,0.9430051813471503,0.8771084337349397,0.7442004582953474
374,5738.2548884,0.4691143035888672,0.962535907004215,0.9691444461978098,0.8678756476683938,0.8198198198198198,0.9430051813471503,0.8771084337349397,0.7442004582953474
375,5739.2357844,0.468733549118042,0.9625493301833605,0.9691346810097834,0.8730569948186528,0.8302752293577982,0.9378238341968912,0.8807785888077859,0.7524533922247352
376,5740.2034067,0.46941712498664856,0.9625895997207979,0.9691058950844245,0.8756476683937824,0.8341013824884793,0.9378238341968912,0.8829268292682927,0.757172414067761
377,5741.1736018,0.4671497941017151,0.9626298692582351,0.9691450091207111,0.8756476683937824,0.8341013824884793,0.9378238341968912,0.8829268292682927,0.757172414067761
378,5742.1566981,0.46852415800094604,0.9624016752127573,0.9690191964517568,0.8756476683937824,0.8341013824884793,0.9378238341968912,0.8829268292682927,0.757172414067761
379,5743.1144228,0.4669947326183319,0.9623479824961745,0.9690506119239796,0.8704663212435233,0.8235294117647058,0.9430051813471503,0.8792270531400965,0.7488553356460046
380,5744.0971107,0.46873417496681213,0.9624016752127573,0.9690750282694923,0.8730569948186528,0.8272727272727273,0.9430051813471503,0.8813559322033898,0.7535240318620551
381,5745.0596907,0.4677668809890747,0.9623614056753201,0.9690379726523641,0.8730569948186528,0.8272727272727273,0.9430051813471503,0.8813559322033898,0.7535240318620551
382,5746.0304302,0.4666895866394043,0.9624822142876319,0.9691467097328511,0.8704663212435233,0.8235294117647058,0.9430051813471503,0.8792270531400965,0.7488553356460046
383,5746.9932122,0.46711620688438416,0.9625761765416521,0.9692645634047599,0.8704663212435233,0.8235294117647058,0.9430051813471503,0.8792270531400965,0.7488553356460046
384,5747.9527722,0.46740373969078064,0.9625761765416521,0.9692064568005339,0.8704663212435233,0.8235294117647058,0.9430051813471503,0.8792270531400965,0.7488553356460046
385,5748.9124317,0.4675574004650116,0.9626701387956724,0.9693403299381511,0.8704663212435233,0.8235294117647058,0.9430051813471503,0.8792270531400965,0.7488553356460046
386,5749.8711641,0.46867063641548157,0.9628177937662756,0.9694711033771939,0.8730569948186528,0.8272727272727273,0.9430051813471503,0.8813559322033898,0.7535240318620551
387,5750.8388364,0.466126024723053,0.9627775242288383,0.9694620412714826,0.8730569948186528,0.8272727272727273,0.9430051813471503,0.8813559322033898,0.7535240318620551
388,5751.7945872,0.46756479144096375,0.9629520255577331,0.9696229402660983,0.8730569948186528,0.8272727272727273,0.9430051813471503,0.8813559322033898,0.7535240318620551
389,5752.7571975,0.4676628112792969,0.9630459878117534,0.9696914250157275,0.8730569948186528,0.8272727272727273,0.9430051813471503,0.8813559322033898,0.7535240318620551
390,5753.7162486,0.46812137961387634,0.9630325646326077,0.969637003897775,0.8782383419689119,0.8379629629629629,0.9378238341968912,0.8850855745721271,0.7619062208202652
391,5754.6781061,0.4672833979129791,0.9628043705871299,0.9693983540672046,0.8782383419689119,0.8379629629629629,0.9378238341968912,0.8850855745721271,0.7619062208202652
392,5755.638271,0.4660104811191559,0.9629251791994416,0.969463287621428,0.8782383419689119,0.8379629629629629,0.9378238341968912,0.8850855745721271,0.7619062208202652
393,5756.5959925,0.4664453864097595,0.9629922950951704,0.9694934556484662,0.8756476683937824,0.8341013824884793,0.9378238341968912,0.8829268292682927,0.757172414067761
394,5757.6103963,0.4661196768283844,0.9629922950951704,0.9694737942081427,0.8808290155440415,0.8450704225352113,0.9326424870466321,0.8866995073891626,0.765780814357394
395,5758.5642739,0.4676538407802582,0.9628983328411502,0.9694219006045859,0.8808290155440415,0.8450704225352113,0.9326424870466321,0.8866995073891626,0.765780814357394
